{
    "midiCCMapping": [
      { "ccNumber": 21, "nombre": "ASPLAYEDALLOCATION" },
      { "ccNumber": 105, "nombre": "BANDPASS" },
      { "ccNumber": 75, "nombre": "BENDLFORATE" },
      { "ccNumber": 34, "nombre": "BENDOSC2" },
      { "ccNumber": 118, "nombre": "BENDRANGE" },
      { "ccNumber": 62, "nombre": "BRIGHTNESS" },
      { "ccNumber": 74, "nombre": "CUTOFF" },
      { "ccNumber": 111, "nombre": "ECONOMY_MODE" },
      { "ccNumber": 115, "nombre": "ENV_PITCH_BOTH" },
      { "ccNumber": 108, "nombre": "ENVDER" },
      { "ccNumber": 107, "nombre": "ENVELOPE_AMT" },
      { "ccNumber": 63, "nombre": "ENVPITCH" },
      { "ccNumber": 38, "nombre": "FATK" },
      { "ccNumber": 39, "nombre": "FDEC" },
      { "ccNumber": 116, "nombre": "FENV_INVERT" },
      { "ccNumber": 18, "nombre": "FILTER_WARM" },
      { "ccNumber": 109, "nombre": "FILTERDER" },
      { "ccNumber": 103, "nombre": "FLT_KF" },
      { "ccNumber": 106, "nombre": "FOURPOLE" },
      { "ccNumber": 41, "nombre": "FREL" },
      { "ccNumber": 40, "nombre": "FSUS" },
      { "ccNumber": 73, "nombre": "LATK" },
      { "ccNumber": 36, "nombre": "LDEC" },
      { "ccNumber": 35, "nombre": "LEGATOMODE" },
      { "ccNumber": 118, "nombre": "LEVEL_DIF" },
      { "ccNumber": 22, "nombre": "LFO1AMT" },
      { "ccNumber": 25, "nombre": "LFO2AMT" },
      { "ccNumber": 49, "nombre": "LFOFILTER" },
      { "ccNumber": 19, "nombre": "LFOFREQ" },
      { "ccNumber": 47, "nombre": "LFOOSC1" },
      { "ccNumber": 48, "nombre": "LFOOSC2" },
      { "ccNumber": 50, "nombre": "LFOPW1" },
      { "ccNumber": 51, "nombre": "LFOPW2" },
      { "ccNumber": 46, "nombre": "LFOSHWAVE" },
      { "ccNumber": 44, "nombre": "LFOSINWAVE" },
      { "ccNumber": 45, "nombre": "LFOSQUAREWAVE" },
      { "ccNumber": 72, "nombre": "LREL" },
      { "ccNumber": 37, "nombre": "LSUS" },
      { "ccNumber": 104, "nombre": "MULTIMODE" },
      { "ccNumber": 102, "nombre": "NOISEMIX" },
      { "ccNumber": 17, "nombre": "OCTAVE" },
      { "ccNumber": 77, "nombre": "OSC1MIX" },
      { "ccNumber": 54, "nombre": "OSC1P" },
      { "ccNumber": 58, "nombre": "OSC1Pul" },
      { "ccNumber": 57, "nombre": "OSC1Saw" },
      { "ccNumber": 43, "nombre": "OSC2_DET" },
      { "ccNumber": 52, "nombre": "OSC2HS" },
      { "ccNumber": 78, "nombre": "OSC2MIX" },
      { "ccNumber": 55, "nombre": "OSC2P" },
      { "ccNumber": 60, "nombre": "OSC2Pul" },
      { "ccNumber": 59, "nombre": "OSC2Saw" },
      { "ccNumber": 56, "nombre": "OSCQuantize" },
      { "ccNumber": 81, "nombre": "PAN1" },
      { "ccNumber": 82, "nombre": "PAN2" },
      { "ccNumber": 83, "nombre": "PAN3" },
      { "ccNumber": 84, "nombre": "PAN4" },
      { "ccNumber": 85, "nombre": "PAN5" },
      { "ccNumber": 86, "nombre": "PAN6" },
      { "ccNumber": 87, "nombre": "PAN7" },
      { "ccNumber": 88, "nombre": "PAN8" },
      { "ccNumber": 110, "nombre": "PORTADER" },
      { "ccNumber": 23, "nombre": "PORTAMENTO" },
      { "ccNumber": 61, "nombre": "PW" },
      { "ccNumber": 113, "nombre": "PW_ENV" },
      { "ccNumber": 114, "nombre": "PW_ENV_BOTH" },
      { "ccNumber": 117, "nombre": "PW_OSC2_OFS" },
      { "ccNumber": 42, "nombre": "RESONANCE" },
      { "ccNumber": 119, "nombre": "SELF_OSC_PUSH" },
      { "ccNumber": 33, "nombre": "TUNE" },
      { "ccNumber": 24, "nombre": "UDET" },
      { "ccNumber": 16, "nombre": "UNISON" },
      { "ccNumber": 20, "nombre": "VAMPENV" },
      { "ccNumber": 76, "nombre": "VFLTENV" },
      { "ccNumber": 15, "nombre": "VOICE_COUNT" },
      { "ccNumber": 71, "nombre": "VOLUME" },
      { "ccNumber": 53, "nombre": "XMOD" }
    ]
  }